resolution,model_path,params,gflops,precision_median,recall_median,map50_median,map50_95_median,preprocess_median_ms_img,inference_median_ms_img,postprocess_median_ms_img,total_median_ms_img,peak_allocated_median_mib,peak_reserved_median_mib,wall_time_median_s,formal_repeats,warmup_repeats,split,batch,workers,conf,iou,max_det,half
800,D:\Broiler chicken detection dataset\02_RUNS\00_M1_M3_resolution_ablation\M1_YOLO11n_PIO_GRDB_MD5_7_1_2_img800_seed42_SGD_e300_b2\weights\best.pt,2590035,10.06344,0.9468810403479361,0.9445061644763583,0.9747318252667766,0.7387342305604577,1.254947063987892,4.250395432071992,1.3287013078571046,6.633211774873286,60.68505859375,86.0,4.210322899976745,5,1,val,2,0,0.001,0.7,1000,True
960,D:\Broiler chicken detection dataset\02_RUNS\00_M1_M3_resolution_ablation\M2_YOLO11n_PIO_GRDB_MD5_7_1_2_img960_seed42_SGD_e300_b2\weights\best.pt,2590035,14.4913536,0.9527229553880192,0.9523083237688305,0.9838293284467288,0.7679497500779525,1.428677776548403,5.493010460472137,1.6151071842638105,8.672939866075135,70.15869140625,96.0,4.373374699964188,5,1,val,2,0,0.001,0.7,1000,True
1280,D:\Broiler chicken detection dataset\02_RUNS\00_M1_M3_resolution_ablation\M3_YOLO11n_PIO_GRDB_MD5_7_1_2_img1280_seed42_SGD_e300_b2\weights\best.pt,2590035,25.7624064,0.9532930321552383,0.9573188326293145,0.9854523104214478,0.7824133969896157,0.9909503304953474,5.2698816985403205,1.5000098071432386,7.819227456553455,92.42822265625,138.0,4.4526783000910655,5,1,val,2,0,0.001,0.7,1000,True
