resolution,params,gflops,val_map50_95_median,preprocess_median_ms_img,preprocess_iqr_ms_img,inference_median_ms_img,inference_iqr_ms_img,postprocess_median_ms_img,postprocess_iqr_ms_img,total_median_ms_img,total_iqr_ms_img,peak_allocated_median_mib,peak_reserved_median_mib,formal_repeats,warmup_repeats,split,batch,workers,conf,iou,max_det,half
800,2590035,10.063440,0.738734,1.082531,0.139554,3.942724,0.162545,1.303204,0.091812,6.323815,0.330749,60.685059,86.000000,30,5,val,2,0,0.001,0.70,1000,True
960,2590035,14.491354,0.767950,1.496352,0.251739,5.364734,0.249128,1.637729,0.049590,8.519790,0.192309,75.087402,102.000000,30,5,val,2,0,0.001,0.70,1000,True
1280,2590035,25.762406,0.782413,1.137755,0.061097,6.499301,0.535859,1.523070,0.054355,9.145914,0.669153,97.356934,142.000000,30,5,val,2,0,0.001,0.70,1000,True
