experiment_id,model,resolution,seed,best_pt,training_time_h_measured_by_script,val_precision,val_recall,val_map50,val_map50_95,test_precision,test_recall,test_map50,test_map50_95,val_preprocess_ms_img,val_inference_ms_img,val_postprocess_ms_img,test_preprocess_ms_img,test_inference_ms_img,test_postprocess_ms_img
Y8_M1_YOLOv8n_PIO_GRDB_MD5_7_1_2_img800_seed42_SGD_e300_b2,YOLOv8n,800,42,D:\Broiler chicken detection dataset\02_RUNS\06_cross_detector_YOLOv8n_resolution\Y8_M1_YOLOv8n_PIO_GRDB_MD5_7_1_2_img800_seed42_SGD_e300_b2\weights\best.pt,4.908442846222218,0.9496410794835519,0.9509205753738792,0.9759941621211563,0.7465332636135771,0.9328052204156492,0.9356311521079675,0.9660268663030382,0.7271698998902717,1.0054562061270271,231.19490522529102,1.5267660161115084,0.8981749165123661,4.13417426644785,1.3373423468606722
Y8_M2_YOLOv8n_PIO_GRDB_MD5_7_1_2_img960_seed42_SGD_e300_b2,YOLOv8n,960,42,D:\Broiler chicken detection dataset\02_RUNS\06_cross_detector_YOLOv8n_resolution\Y8_M2_YOLOv8n_PIO_GRDB_MD5_7_1_2_img960_seed42_SGD_e300_b2\weights\best.pt,6.640595663277781,0.9515555878726205,0.9569625704849799,0.984578460153381,0.7710476089320263,0.9360855706494167,0.9416075733928813,0.9732527836953169,0.7442502286044805,0.7858431397395489,227.92104183044893,1.1421078443222867,0.7680371333162394,5.282073289668642,1.3604335492956134
Y8_M3_YOLOv8n_PIO_GRDB_MD5_7_1_2_img1280_seed42_SGD_e300_b2,YOLOv8n,1280,42,D:\Broiler chicken detection dataset\02_RUNS\06_cross_detector_YOLOv8n_resolution\Y8_M3_YOLOv8n_PIO_GRDB_MD5_7_1_2_img1280_seed42_SGD_e300_b2\weights\best.pt,13.98413970036112,0.9542504819923235,0.957973174366617,0.9853052288227626,0.7862475500880595,0.9379546064269513,0.9431307190188583,0.9739915074742236,0.7573319097172482,1.080650327197623,229.73992745468112,1.4583254940625205,1.1780091215543909,116.99529804315127,1.5325667765082531
