resolution,conf,images,gt_total,pred_total,MAE,RMSE,MAPE_percent,Bias_pred_minus_gt,Relative_total_error_percent
800,0.45,153,36905,37496,11.196078431372548,16.196303943736932,4.5461223647935745,3.8627450980392157,1.6014090231675924
960,0.5,153,36905,37024,11.836601307189543,16.863349282381833,5.163146170874155,0.7777777777777778,0.32244953258366077
1280,0.5,153,36905,37174,11.156862745098039,16.276411417368724,4.395496096804642,1.7581699346405228,0.7288985232353339
